{"data":[{"ObjectIdentifier": "S-1-5-21-2591914073-3432292050-2173066086-1112", "AllowedToAct": [], "PrimaryGroupSID": "S-1-5-21-2591914073-3432292050-2173066086-515", "LocalAdmins": {"Collected": true, "FailureReason": null, "Results": [{"ObjectIdentifier": "S-1-5-21-2591914073-3432292050-2173066086-512", "ObjectType": "Group"}, {"ObjectIdentifier": "S-1-5-21-2591914073-3432292050-2173066086-1117", "ObjectType": "User"}]}, "PSRemoteUsers": {"Collected": true, "FailureReason": null, "Results": []}, "Properties": {"name": "PRODSRV.RED.LOCAL", "domainsid": "S-1-5-21-2591914073-3432292050-2173066086", "domain": "RED.LOCAL", "distinguishedname": "CN=PRODSRV,CN=COMPUTERS,DC=RED,DC=LOCAL", "unconstraineddelegation": false, "enabled": true, "trustedtoauth": false, "samaccountname": "PRODSRV$", "haslaps": false, "lastlogon": 1709036208, "lastlogontimestamp": 1709015162, "pwdlastset": 1709015162, "whencreated": 1709015162, "serviceprincipalnames": ["WSMAN/prodsrv", "WSMAN/prodsrv.red.local", "TERMSRV/PRODSRV", "TERMSRV/prodsrv.red.local", "RestrictedKrbHost/PRODSRV", "HOST/PRODSRV", "RestrictedKrbHost/prodsrv.red.local", "HOST/prodsrv.red.local"], "description": null, "operatingsystem": "Windows Server 2019 Datacenter", "sidhistory": [], "allowedtodelegate": ["HOST/websrv", "HOST/websrv.red.local"]}, "RemoteDesktopUsers": {"Collected": true, "FailureReason": null, "Results": [{"ObjectIdentifier": "S-1-5-21-2591914073-3432292050-2173066086-1117", "ObjectType": "User"}]}, "DcomUsers": {"Collected": true, "FailureReason": null, "Results": []}, "AllowedToDelegate": [{"ObjectIdentifier": "S-1-5-21-2591914073-3432292050-2173066086-1111", "ObjectType": "Computer"}, {"ObjectIdentifier": "S-1-5-21-2591914073-3432292050-2173066086-1111", "ObjectType": "Computer"}], "Sessions": {"Collected": true, "FailureReason": null, "Results": []}, "PrivilegedSessions": {"Collected": false, "FailureReason": null, "Results": []}, "RegistrySessions": {"Collected": false, "FailureReason": null, "Results": []}, "Aces": [{"RightName": "Owns", "IsInherited": false, "PrincipalSID": "S-1-5-21-2591914073-3432292050-2173066086-512", "PrincipalType": "Group"}, {"RightName": "GenericAll", "IsInherited": false, "PrincipalSID": "S-1-5-21-2591914073-3432292050-2173066086-512", "PrincipalType": "Group"}, {"RightName": "GenericAll", "IsInherited": false, "PrincipalSID": "RED.LOCAL-S-1-5-32-548", "PrincipalType": "Group"}, {"RightName": "AddKeyCredentialLink", "IsInherited": true, "PrincipalSID": "S-1-5-21-2591914073-3432292050-2173066086-526", "PrincipalType": "Group"}, {"RightName": "AddKeyCredentialLink", "IsInherited": true, "PrincipalSID": "S-1-5-21-2591914073-3432292050-2173066086-527", "PrincipalType": "Group"}, {"RightName": "GenericAll", "IsInherited": true, "PrincipalSID": "S-1-5-21-2591914073-3432292050-2173066086-519", "PrincipalType": "Group"}, {"RightName": "GenericWrite", "IsInherited": true, "PrincipalSID": "RED.LOCAL-S-1-5-32-544", "PrincipalType": "Group"}, {"RightName": "WriteOwner", "IsInherited": true, "PrincipalSID": "RED.LOCAL-S-1-5-32-544", "PrincipalType": "Group"}, {"RightName": "WriteDacl", "IsInherited": true, "PrincipalSID": "RED.LOCAL-S-1-5-32-544", "PrincipalType": "Group"}], "HasSIDHistory": [], "IsDeleted": false, "Status": null, "IsACLProtected": false},{"ObjectIdentifier": "S-1-5-21-2591914073-3432292050-2173066086-1111", "AllowedToAct": [], "PrimaryGroupSID": "S-1-5-21-2591914073-3432292050-2173066086-515", "LocalAdmins": {"Collected": true, "FailureReason": null, "Results": [{"ObjectIdentifier": "S-1-5-21-2591914073-3432292050-2173066086-512", "ObjectType": "Group"}, {"ObjectIdentifier": "S-1-5-21-2591914073-3432292050-2173066086-1117", "ObjectType": "User"}]}, "PSRemoteUsers": {"Collected": true, "FailureReason": null, "Results": []}, "Properties": {"name": "WEBSRV.RED.LOCAL", "domainsid": "S-1-5-21-2591914073-3432292050-2173066086", "domain": "RED.LOCAL", "distinguishedname": "CN=WEBSRV,CN=COMPUTERS,DC=RED,DC=LOCAL", "unconstraineddelegation": true, "enabled": true, "trustedtoauth": false, "samaccountname": "WEBSRV$", "haslaps": false, "lastlogon": 1709036022, "lastlogontimestamp": 1709015162, "pwdlastset": 1709015162, "whencreated": 1709015162, "serviceprincipalnames": ["TERMSRV/WEBSRV", "TERMSRV/websrv.red.local", "RestrictedKrbHost/WEBSRV", "HOST/WEBSRV", "RestrictedKrbHost/websrv.red.local", "HOST/websrv.red.local"], "description": null, "operatingsystem": "Windows Server 2019 Datacenter", "sidhistory": []}, "RemoteDesktopUsers": {"Collected": true, "FailureReason": null, "Results": [{"ObjectIdentifier": "S-1-5-21-2591914073-3432292050-2173066086-1117", "ObjectType": "User"}]}, "DcomUsers": {"Collected": true, "FailureReason": null, "Results": []}, "AllowedToDelegate": [], "Sessions": {"Collected": true, "FailureReason": null, "Results": []}, "PrivilegedSessions": {"Collected": false, "FailureReason": null, "Results": []}, "RegistrySessions": {"Collected": false, "FailureReason": null, "Results": []}, "Aces": [{"RightName": "Owns", "IsInherited": false, "PrincipalSID": "S-1-5-21-2591914073-3432292050-2173066086-512", "PrincipalType": "Group"}, {"RightName": "GenericWrite", "IsInherited": false, "PrincipalSID": "S-1-5-21-2591914073-3432292050-2173066086-1115", "PrincipalType": "User"}, {"RightName": "GenericAll", "IsInherited": false, "PrincipalSID": "S-1-5-21-2591914073-3432292050-2173066086-512", "PrincipalType": "Group"}, {"RightName": "GenericAll", "IsInherited": false, "PrincipalSID": "RED.LOCAL-S-1-5-32-548", "PrincipalType": "Group"}, {"RightName": "AddKeyCredentialLink", "IsInherited": true, "PrincipalSID": "S-1-5-21-2591914073-3432292050-2173066086-526", "PrincipalType": "Group"}, {"RightName": "AddKeyCredentialLink", "IsInherited": true, "PrincipalSID": "S-1-5-21-2591914073-3432292050-2173066086-527", "PrincipalType": "Group"}, {"RightName": "GenericAll", "IsInherited": true, "PrincipalSID": "S-1-5-21-2591914073-3432292050-2173066086-519", "PrincipalType": "Group"}, {"RightName": "GenericWrite", "IsInherited": true, "PrincipalSID": "RED.LOCAL-S-1-5-32-544", "PrincipalType": "Group"}, {"RightName": "WriteOwner", "IsInherited": true, "PrincipalSID": "RED.LOCAL-S-1-5-32-544", "PrincipalType": "Group"}, {"RightName": "WriteDacl", "IsInherited": true, "PrincipalSID": "RED.LOCAL-S-1-5-32-544", "PrincipalType": "Group"}], "HasSIDHistory": [], "IsDeleted": false, "Status": null, "IsACLProtected": false},{"ObjectIdentifier": "S-1-5-21-2591914073-3432292050-2173066086-1008", "AllowedToAct": [], "PrimaryGroupSID": "S-1-5-21-2591914073-3432292050-2173066086-516", "LocalAdmins": {"Collected": true, "FailureReason": null, "Results": [{"ObjectIdentifier": "S-1-5-21-2591914073-3432292050-2173066086-500", "ObjectType": "User"}, {"ObjectIdentifier": "S-1-5-21-2591914073-3432292050-2173066086-519", "ObjectType": "Group"}, {"ObjectIdentifier": "S-1-5-21-2591914073-3432292050-2173066086-512", "ObjectType": "Group"}]}, "PSRemoteUsers": {"Collected": true, "FailureReason": null, "Results": []}, "Properties": {"name": "DC01.RED.LOCAL", "domainsid": "S-1-5-21-2591914073-3432292050-2173066086", "domain": "RED.LOCAL", "distinguishedname": "CN=DC01,OU=DOMAIN CONTROLLERS,DC=RED,DC=LOCAL", "unconstraineddelegation": true, "enabled": true, "trustedtoauth": false, "samaccountname": "DC01$", "haslaps": false, "lastlogon": 1709017234, "lastlogontimestamp": 1709014834, "pwdlastset": 1709014810, "whencreated": 1709014794, "serviceprincipalnames": ["Dfsr-12F9A27C-BF97-4787-9364-D31B6C55EB04/dc01.red.local", "ldap/dc01.red.local/ForestDnsZones.red.local", "ldap/dc01.red.local/DomainDnsZones.red.local", "TERMSRV/DC01", "TERMSRV/dc01.red.local", "DNS/dc01.red.local", "GC/dc01.red.local/red.local", "RestrictedKrbHost/dc01.red.local", "RestrictedKrbHost/DC01", "RPC/ee131e67-db12-46e4-b450-71bd1cbd7f3c._msdcs.red.local", "HOST/DC01/RED", "HOST/dc01.red.local/RED", "HOST/DC01", "HOST/dc01.red.local", "HOST/dc01.red.local/red.local", "E3514235-4B06-11D1-AB04-00C04FC2DCD2/ee131e67-db12-46e4-b450-71bd1cbd7f3c/red.local", "ldap/DC01/RED", "ldap/ee131e67-db12-46e4-b450-71bd1cbd7f3c._msdcs.red.local", "ldap/dc01.red.local/RED", "ldap/DC01", "ldap/dc01.red.local", "ldap/dc01.red.local/red.local"], "description": null, "operatingsystem": "Windows Server 2019 Datacenter", "sidhistory": []}, "RemoteDesktopUsers": {"Collected": true, "FailureReason": null, "Results": []}, "DcomUsers": {"Collected": true, "FailureReason": null, "Results": []}, "AllowedToDelegate": [], "Sessions": {"Collected": true, "FailureReason": null, "Results": []}, "PrivilegedSessions": {"Collected": false, "FailureReason": null, "Results": []}, "RegistrySessions": {"Collected": false, "FailureReason": null, "Results": []}, "Aces": [{"RightName": "Owns", "IsInherited": false, "PrincipalSID": "S-1-5-21-2591914073-3432292050-2173066086-512", "PrincipalType": "Group"}, {"RightName": "GenericAll", "IsInherited": false, "PrincipalSID": "S-1-5-21-2591914073-3432292050-2173066086-512", "PrincipalType": "Group"}, {"RightName": "AddKeyCredentialLink", "IsInherited": true, "PrincipalSID": "S-1-5-21-2591914073-3432292050-2173066086-526", "PrincipalType": "Group"}, {"RightName": "AddKeyCredentialLink", "IsInherited": true, "PrincipalSID": "S-1-5-21-2591914073-3432292050-2173066086-527", "PrincipalType": "Group"}, {"RightName": "GenericAll", "IsInherited": true, "PrincipalSID": "S-1-5-21-2591914073-3432292050-2173066086-519", "PrincipalType": "Group"}, {"RightName": "GenericWrite", "IsInherited": true, "PrincipalSID": "RED.LOCAL-S-1-5-32-544", "PrincipalType": "Group"}, {"RightName": "WriteOwner", "IsInherited": true, "PrincipalSID": "RED.LOCAL-S-1-5-32-544", "PrincipalType": "Group"}, {"RightName": "WriteDacl", "IsInherited": true, "PrincipalSID": "RED.LOCAL-S-1-5-32-544", "PrincipalType": "Group"}], "HasSIDHistory": [], "IsDeleted": false, "Status": null, "IsACLProtected": false}],"meta":{"methods":0,"type":"computers","count":3, "version":5}}