{"data": [{"ObjectIdentifier": "S-1-5-21-2591914073-3432292050-2173066086", "Properties": {"name": "RED.LOCAL", "domain": "RED.LOCAL", "domainsid": "S-1-5-21-2591914073-3432292050-2173066086", "distinguishedname": "DC=RED,DC=LOCAL", "description": "", "functionallevel": "2016", "highvalue": true, "whencreated": 1709014683}, "Trusts": [], "Aces": [{"RightName": "Owns", "IsInherited": false, "PrincipalSID": "RED.LOCAL-S-1-5-32-544", "PrincipalType": "Group"}, {"RightName": "GetChanges", "IsInherited": false, "PrincipalSID": "S-1-5-21-2591914073-3432292050-2173066086-498", "PrincipalType": "Group"}, {"RightName": "GetChangesAll", "IsInherited": false, "PrincipalSID": "S-1-5-21-2591914073-3432292050-2173066086-516", "PrincipalType": "Group"}, {"RightName": "GetChangesInFilteredSet", "IsInherited": false, "PrincipalSID": "RED.LOCAL-S-1-5-32-544", "PrincipalType": "Group"}, {"RightName": "GetChanges", "IsInherited": false, "PrincipalSID": "RED.LOCAL-S-1-5-32-544", "PrincipalType": "Group"}, {"RightName": "GetChangesAll", "IsInherited": false, "PrincipalSID": "RED.LOCAL-S-1-5-32-544", "PrincipalType": "Group"}, {"RightName": "GetChangesInFilteredSet", "IsInherited": false, "PrincipalSID": "RED.LOCAL-S-1-5-9", "PrincipalType": "Group"}, {"RightName": "GetChanges", "IsInherited": false, "PrincipalSID": "RED.LOCAL-S-1-5-9", "PrincipalType": "Group"}, {"RightName": "WriteOwner", "IsInherited": false, "PrincipalSID": "S-1-5-21-2591914073-3432292050-2173066086-512", "PrincipalType": "Group"}, {"RightName": "AllExtendedRights", "IsInherited": false, "PrincipalSID": "S-1-5-21-2591914073-3432292050-2173066086-512", "PrincipalType": "Group"}, {"RightName": "WriteDacl", "IsInherited": false, "PrincipalSID": "S-1-5-21-2591914073-3432292050-2173066086-512", "PrincipalType": "Group"}, {"RightName": "GenericAll", "IsInherited": false, "PrincipalSID": "S-1-5-21-2591914073-3432292050-2173066086-519", "PrincipalType": "Group"}, {"RightName": "WriteOwner", "IsInherited": false, "PrincipalSID": "RED.LOCAL-S-1-5-32-544", "PrincipalType": "Group"}, {"RightName": "AllExtendedRights", "IsInherited": false, "PrincipalSID": "RED.LOCAL-S-1-5-32-544", "PrincipalType": "Group"}, {"RightName": "WriteDacl", "IsInherited": false, "PrincipalSID": "RED.LOCAL-S-1-5-32-544", "PrincipalType": "Group"}], "Links": [{"IsEnforced": false, "GUID": "A48DFBBD-3A5C-4E51-BA2A-137AFAEEFC3E"}], "ChildObjects": [{"ObjectIdentifier": "200FC29D-C7FB-417B-9663-F51B293ACA02", "ObjectType": "Container"}, {"ObjectIdentifier": "08BCCD18-E9B5-4611-A255-7DBAB6D091E6", "ObjectType": "Container"}, {"ObjectIdentifier": "D53F304D-73C5-438E-9C89-372B8C9D1E57", "ObjectType": "Container"}, {"ObjectIdentifier": "95AD1639-5545-46AB-A6AA-8C007F4E0737", "ObjectType": "OU"}, {"ObjectIdentifier": "8B2725DF-BA6C-4AEF-8D0D-37AEB0EBD96E", "ObjectType": "Container"}], "GPOChanges": {"AffectedComputers": [], "DcomUsers": [], "LocalAdmins": [], "PSRemoteUsers": [], "RemoteDesktopUsers": []}, "IsDeleted": false, "IsACLProtected": false}], "meta": {"type": "domains", "count": 1, "version": 5}}