{"data":[{"ObjectIdentifier": "B02E8241-C91C-4A94-A1AD-D9DC01D39B09", "Properties": {"domain": "RED.LOCAL", "name": "WMIGPO@RED.LOCAL", "distinguishedname": "CN=WMIGPO,CN=WMIPOLICY,CN=SYSTEM,DC=RED,DC=LOCAL", "domainsid": "S-1-5-21-2591914073-3432292050-2173066086", "highvalue": false, "description": "", "whencreated": 1709014690}, "IsDeleted": false, "IsACLProtected": false, "Aces": [{"RightName": "Owns", "IsInherited": false, "PrincipalSID": "S-1-5-21-2591914073-3432292050-2173066086-512", "PrincipalType": "Group"}, {"RightName": "WriteOwner", "IsInherited": false, "PrincipalSID": "S-1-5-21-2591914073-3432292050-2173066086-512", "PrincipalType": "Group"}, {"RightName": "WriteDacl", "IsInherited": false, "PrincipalSID": "S-1-5-21-2591914073-3432292050-2173066086-512", "PrincipalType": "Group"}, {"RightName": "GenericAll", "IsInherited": true, "PrincipalSID": "S-1-5-21-2591914073-3432292050-2173066086-519", "PrincipalType": "Group"}, {"RightName": "GenericAll", "IsInherited": true, "PrincipalSID": "S-1-5-21-2591914073-3432292050-2173066086-512", "PrincipalType": "Group"}], "ChildObjects": []},{"ObjectIdentifier": "6CE55136-199D-454B-B712-0EFDDB62211C", "Properties": {"domain": "RED.LOCAL", "name": "POLICYTYPE@RED.LOCAL", "distinguishedname": "CN=POLICYTYPE,CN=WMIPOLICY,CN=SYSTEM,DC=RED,DC=LOCAL", "domainsid": "S-1-5-21-2591914073-3432292050-2173066086", "highvalue": false, "description": "", "whencreated": 1709014690}, "IsDeleted": false, "IsACLProtected": false, "Aces": [{"RightName": "Owns", "IsInherited": false, "PrincipalSID": "S-1-5-21-2591914073-3432292050-2173066086-512", "PrincipalType": "Group"}, {"RightName": "WriteOwner", "IsInherited": false, "PrincipalSID": "S-1-5-21-2591914073-3432292050-2173066086-512", "PrincipalType": "Group"}, {"RightName": "WriteDacl", "IsInherited": false, "PrincipalSID": "S-1-5-21-2591914073-3432292050-2173066086-512", "PrincipalType": "Group"}, {"RightName": "GenericAll", "IsInherited": true, "PrincipalSID": "S-1-5-21-2591914073-3432292050-2173066086-519", "PrincipalType": "Group"}, {"RightName": "GenericAll", "IsInherited": true, "PrincipalSID": "S-1-5-21-2591914073-3432292050-2173066086-512", "PrincipalType": "Group"}], "ChildObjects": []},{"ObjectIdentifier": "0E4AE9A3-4C57-4E8C-8FCE-C0748E05265B", "Properties": {"domain": "RED.LOCAL", "name": "SOM@RED.LOCAL", "distinguishedname": "CN=SOM,CN=WMIPOLICY,CN=SYSTEM,DC=RED,DC=LOCAL", "domainsid": "S-1-5-21-2591914073-3432292050-2173066086", "highvalue": false, "description": "", "whencreated": 1709014690}, "IsDeleted": false, "IsACLProtected": true, "Aces": [{"RightName": "Owns", "IsInherited": false, "PrincipalSID": "S-1-5-21-2591914073-3432292050-2173066086-512", "PrincipalType": "Group"}, {"RightName": "GenericAll", "IsInherited": false, "PrincipalSID": "S-1-5-21-2591914073-3432292050-2173066086-512", "PrincipalType": "Group"}, {"RightName": "GenericAll", "IsInherited": false, "PrincipalSID": "S-1-5-21-2591914073-3432292050-2173066086-519", "PrincipalType": "Group"}], "ChildObjects": []},{"ObjectIdentifier": "25D6ACF8-0569-4516-9BE0-886BC8D3C01A", "Properties": {"domain": "RED.LOCAL", "name": "POLICYTEMPLATE@RED.LOCAL", "distinguishedname": "CN=POLICYTEMPLATE,CN=WMIPOLICY,CN=SYSTEM,DC=RED,DC=LOCAL", "domainsid": "S-1-5-21-2591914073-3432292050-2173066086", "highvalue": false, "description": "", "whencreated": 1709014690}, "IsDeleted": false, "IsACLProtected": false, "Aces": [{"RightName": "Owns", "IsInherited": false, "PrincipalSID": "S-1-5-21-2591914073-3432292050-2173066086-512", "PrincipalType": "Group"}, {"RightName": "WriteOwner", "IsInherited": false, "PrincipalSID": "S-1-5-21-2591914073-3432292050-2173066086-512", "PrincipalType": "Group"}, {"RightName": "WriteDacl", "IsInherited": false, "PrincipalSID": "S-1-5-21-2591914073-3432292050-2173066086-512", "PrincipalType": "Group"}, {"RightName": "GenericAll", "IsInherited": true, "PrincipalSID": "S-1-5-21-2591914073-3432292050-2173066086-519", "PrincipalType": "Group"}, {"RightName": "GenericAll", "IsInherited": true, "PrincipalSID": "S-1-5-21-2591914073-3432292050-2173066086-512", "PrincipalType": "Group"}], "ChildObjects": []},{"ObjectIdentifier": "02C158FA-ED93-4317-A8F3-EC84CDA555B0", "Properties": {"domain": "RED.LOCAL", "name": "WMIPOLICY@RED.LOCAL", "distinguishedname": "CN=WMIPOLICY,CN=SYSTEM,DC=RED,DC=LOCAL", "domainsid": "S-1-5-21-2591914073-3432292050-2173066086", "highvalue": false, "description": "", "whencreated": 1709014690}, "IsDeleted": false, "IsACLProtected": true, "Aces": [{"RightName": "Owns", "IsInherited": false, "PrincipalSID": "S-1-5-21-2591914073-3432292050-2173066086-512", "PrincipalType": "Group"}, {"RightName": "GenericAll", "IsInherited": false, "PrincipalSID": "S-1-5-21-2591914073-3432292050-2173066086-519", "PrincipalType": "Group"}, {"RightName": "GenericAll", "IsInherited": false, "PrincipalSID": "S-1-5-21-2591914073-3432292050-2173066086-512", "PrincipalType": "Group"}], "ChildObjects": []},{"ObjectIdentifier": "20F44BA1-655F-4D53-B5B2-7C1D8927CE21", "Properties": {"domain": "RED.LOCAL", "name": "COMPARTITIONSETS@RED.LOCAL", "distinguishedname": "CN=COMPARTITIONSETS,CN=SYSTEM,DC=RED,DC=LOCAL", "domainsid": "S-1-5-21-2591914073-3432292050-2173066086", "highvalue": false, "description": "", "whencreated": 1709014690}, "IsDeleted": false, "IsACLProtected": false, "Aces": [{"RightName": "Owns", "IsInherited": false, "PrincipalSID": "S-1-5-21-2591914073-3432292050-2173066086-512", "PrincipalType": "Group"}, {"RightName": "WriteOwner", "IsInherited": false, "PrincipalSID": "S-1-5-21-2591914073-3432292050-2173066086-512", "PrincipalType": "Group"}, {"RightName": "WriteDacl", "IsInherited": false, "PrincipalSID": "S-1-5-21-2591914073-3432292050-2173066086-512", "PrincipalType": "Group"}, {"RightName": "GenericAll", "IsInherited": true, "PrincipalSID": "S-1-5-21-2591914073-3432292050-2173066086-519", "PrincipalType": "Group"}, {"RightName": "WriteOwner", "IsInherited": true, "PrincipalSID": "RED.LOCAL-S-1-5-32-544", "PrincipalType": "Group"}, {"RightName": "WriteDacl", "IsInherited": true, "PrincipalSID": "RED.LOCAL-S-1-5-32-544", "PrincipalType": "Group"}], "ChildObjects": []},{"ObjectIdentifier": "50BC6DAD-F75E-46DF-8AB1-D12967C26C5C", "Properties": {"domain": "RED.LOCAL", "name": "COMPARTITIONS@RED.LOCAL", "distinguishedname": "CN=COMPARTITIONS,CN=SYSTEM,DC=RED,DC=LOCAL", "domainsid": "S-1-5-21-2591914073-3432292050-2173066086", "highvalue": false, "description": "", "whencreated": 1709014690}, "IsDeleted": false, "IsACLProtected": false, "Aces": [{"RightName": "Owns", "IsInherited": false, "PrincipalSID": "S-1-5-21-2591914073-3432292050-2173066086-512", "PrincipalType": "Group"}, {"RightName": "WriteOwner", "IsInherited": false, "PrincipalSID": "S-1-5-21-2591914073-3432292050-2173066086-512", "PrincipalType": "Group"}, {"RightName": "WriteDacl", "IsInherited": false, "PrincipalSID": "S-1-5-21-2591914073-3432292050-2173066086-512", "PrincipalType": "Group"}, {"RightName": "GenericAll", "IsInherited": true, "PrincipalSID": "S-1-5-21-2591914073-3432292050-2173066086-519", "PrincipalType": "Group"}, {"RightName": "WriteOwner", "IsInherited": true, "PrincipalSID": "RED.LOCAL-S-1-5-32-544", "PrincipalType": "Group"}, {"RightName": "WriteDacl", "IsInherited": true, "PrincipalSID": "RED.LOCAL-S-1-5-32-544", "PrincipalType": "Group"}], "ChildObjects": []},{"ObjectIdentifier": "F313C68F-17F9-4F68-A84C-E9650E1439C3", "Properties": {"domain": "RED.LOCAL", "name": "ADMINSDHOLDER@RED.LOCAL", "distinguishedname": "CN=ADMINSDHOLDER,CN=SYSTEM,DC=RED,DC=LOCAL", "domainsid": "S-1-5-21-2591914073-3432292050-2173066086", "highvalue": false, "description": "", "whencreated": 1709014690}, "IsDeleted": false, "IsACLProtected": true, "Aces": [{"RightName": "Owns", "IsInherited": false, "PrincipalSID": "S-1-5-21-2591914073-3432292050-2173066086-512", "PrincipalType": "Group"}, {"RightName": "WriteOwner", "IsInherited": false, "PrincipalSID": "S-1-5-21-2591914073-3432292050-2173066086-512", "PrincipalType": "Group"}, {"RightName": "WriteDacl", "IsInherited": false, "PrincipalSID": "S-1-5-21-2591914073-3432292050-2173066086-512", "PrincipalType": "Group"}, {"RightName": "WriteOwner", "IsInherited": false, "PrincipalSID": "S-1-5-21-2591914073-3432292050-2173066086-519", "PrincipalType": "Group"}, {"RightName": "WriteDacl", "IsInherited": false, "PrincipalSID": "S-1-5-21-2591914073-3432292050-2173066086-519", "PrincipalType": "Group"}, {"RightName": "WriteOwner", "IsInherited": false, "PrincipalSID": "RED.LOCAL-S-1-5-32-544", "PrincipalType": "Group"}, {"RightName": "WriteDacl", "IsInherited": false, "PrincipalSID": "RED.LOCAL-S-1-5-32-544", "PrincipalType": "Group"}], "ChildObjects": []},{"ObjectIdentifier": "AF755195-7FD3-48F0-B79D-C106345001BC", "Properties": {"domain": "RED.LOCAL", "name": "RAS AND IAS SERVERS ACCESS CHECK@RED.LOCAL", "distinguishedname": "CN=RAS AND IAS SERVERS ACCESS CHECK,CN=SYSTEM,DC=RED,DC=LOCAL", "domainsid": "S-1-5-21-2591914073-3432292050-2173066086", "highvalue": false, "description": "", "whencreated": 1709014690}, "IsDeleted": false, "IsACLProtected": false, "Aces": [{"RightName": "Owns", "IsInherited": false, "PrincipalSID": "S-1-5-21-2591914073-3432292050-2173066086-512", "PrincipalType": "Group"}, {"RightName": "WriteOwner", "IsInherited": false, "PrincipalSID": "S-1-5-21-2591914073-3432292050-2173066086-553", "PrincipalType": "Group"}, {"RightName": "WriteDacl", "IsInherited": false, "PrincipalSID": "S-1-5-21-2591914073-3432292050-2173066086-553", "PrincipalType": "Group"}, {"RightName": "GenericAll", "IsInherited": true, "PrincipalSID": "S-1-5-21-2591914073-3432292050-2173066086-519", "PrincipalType": "Group"}, {"RightName": "WriteOwner", "IsInherited": true, "PrincipalSID": "RED.LOCAL-S-1-5-32-544", "PrincipalType": "Group"}, {"RightName": "WriteDacl", "IsInherited": true, "PrincipalSID": "RED.LOCAL-S-1-5-32-544", "PrincipalType": "Group"}], "ChildObjects": []},{"ObjectIdentifier": "6D528D3D-5E3D-4877-90C4-63DE9E1034A3", "Properties": {"domain": "RED.LOCAL", "name": "POLICIES@RED.LOCAL", "distinguishedname": "CN=POLICIES,CN=SYSTEM,DC=RED,DC=LOCAL", "domainsid": "S-1-5-21-2591914073-3432292050-2173066086", "highvalue": false, "description": "", "whencreated": 1709014690}, "IsDeleted": false, "IsACLProtected": false, "Aces": [{"RightName": "Owns", "IsInherited": false, "PrincipalSID": "S-1-5-21-2591914073-3432292050-2173066086-512", "PrincipalType": "Group"}, {"RightName": "WriteOwner", "IsInherited": false, "PrincipalSID": "S-1-5-21-2591914073-3432292050-2173066086-512", "PrincipalType": "Group"}, {"RightName": "WriteDacl", "IsInherited": false, "PrincipalSID": "S-1-5-21-2591914073-3432292050-2173066086-512", "PrincipalType": "Group"}, {"RightName": "GenericAll", "IsInherited": true, "PrincipalSID": "S-1-5-21-2591914073-3432292050-2173066086-519", "PrincipalType": "Group"}, {"RightName": "WriteOwner", "IsInherited": true, "PrincipalSID": "RED.LOCAL-S-1-5-32-544", "PrincipalType": "Group"}, {"RightName": "WriteDacl", "IsInherited": true, "PrincipalSID": "RED.LOCAL-S-1-5-32-544", "PrincipalType": "Group"}], "ChildObjects": []},{"ObjectIdentifier": "DBC4C20C-DC12-4C30-A74D-6757C9D4A62E", "Properties": {"domain": "RED.LOCAL", "name": "MEETINGS@RED.LOCAL", "distinguishedname": "CN=MEETINGS,CN=SYSTEM,DC=RED,DC=LOCAL", "domainsid": "S-1-5-21-2591914073-3432292050-2173066086", "highvalue": false, "description": "", "whencreated": 1709014690}, "IsDeleted": false, "IsACLProtected": false, "Aces": [{"RightName": "Owns", "IsInherited": false, "PrincipalSID": "S-1-5-21-2591914073-3432292050-2173066086-512", "PrincipalType": "Group"}, {"RightName": "WriteOwner", "IsInherited": false, "PrincipalSID": "S-1-5-21-2591914073-3432292050-2173066086-512", "PrincipalType": "Group"}, {"RightName": "WriteDacl", "IsInherited": false, "PrincipalSID": "S-1-5-21-2591914073-3432292050-2173066086-512", "PrincipalType": "Group"}, {"RightName": "GenericAll", "IsInherited": true, "PrincipalSID": "S-1-5-21-2591914073-3432292050-2173066086-519", "PrincipalType": "Group"}, {"RightName": "WriteOwner", "IsInherited": true, "PrincipalSID": "RED.LOCAL-S-1-5-32-544", "PrincipalType": "Group"}, {"RightName": "WriteDacl", "IsInherited": true, "PrincipalSID": "RED.LOCAL-S-1-5-32-544", "PrincipalType": "Group"}], "ChildObjects": []},{"ObjectIdentifier": "9B4E3843-BE3F-4BB4-974C-D15702967C7F", "Properties": {"domain": "RED.LOCAL", "name": "WINSOCKSERVICES@RED.LOCAL", "distinguishedname": "CN=WINSOCKSERVICES,CN=SYSTEM,DC=RED,DC=LOCAL", "domainsid": "S-1-5-21-2591914073-3432292050-2173066086", "highvalue": false, "description": "", "whencreated": 1709014690}, "IsDeleted": false, "IsACLProtected": false, "Aces": [{"RightName": "Owns", "IsInherited": false, "PrincipalSID": "S-1-5-21-2591914073-3432292050-2173066086-512", "PrincipalType": "Group"}, {"RightName": "WriteOwner", "IsInherited": false, "PrincipalSID": "S-1-5-21-2591914073-3432292050-2173066086-512", "PrincipalType": "Group"}, {"RightName": "WriteDacl", "IsInherited": false, "PrincipalSID": "S-1-5-21-2591914073-3432292050-2173066086-512", "PrincipalType": "Group"}, {"RightName": "GenericAll", "IsInherited": true, "PrincipalSID": "S-1-5-21-2591914073-3432292050-2173066086-519", "PrincipalType": "Group"}, {"RightName": "WriteOwner", "IsInherited": true, "PrincipalSID": "RED.LOCAL-S-1-5-32-544", "PrincipalType": "Group"}, {"RightName": "WriteDacl", "IsInherited": true, "PrincipalSID": "RED.LOCAL-S-1-5-32-544", "PrincipalType": "Group"}], "ChildObjects": []},{"ObjectIdentifier": "08BCCD18-E9B5-4611-A255-7DBAB6D091E6", "Properties": {"domain": "RED.LOCAL", "name": "MANAGED SERVICE ACCOUNTS@RED.LOCAL", "distinguishedname": "CN=MANAGED SERVICE ACCOUNTS,DC=RED,DC=LOCAL", "domainsid": "S-1-5-21-2591914073-3432292050-2173066086", "highvalue": false, "description": "Default container for managed service accounts", "whencreated": 1709014690}, "IsDeleted": false, "IsACLProtected": false, "Aces": [{"RightName": "Owns", "IsInherited": false, "PrincipalSID": "S-1-5-21-2591914073-3432292050-2173066086-512", "PrincipalType": "Group"}, {"RightName": "WriteOwner", "IsInherited": false, "PrincipalSID": "S-1-5-21-2591914073-3432292050-2173066086-512", "PrincipalType": "Group"}, {"RightName": "WriteDacl", "IsInherited": false, "PrincipalSID": "S-1-5-21-2591914073-3432292050-2173066086-512", "PrincipalType": "Group"}, {"RightName": "GenericAll", "IsInherited": true, "PrincipalSID": "S-1-5-21-2591914073-3432292050-2173066086-519", "PrincipalType": "Group"}, {"RightName": "WriteOwner", "IsInherited": true, "PrincipalSID": "RED.LOCAL-S-1-5-32-544", "PrincipalType": "Group"}, {"RightName": "WriteDacl", "IsInherited": true, "PrincipalSID": "RED.LOCAL-S-1-5-32-544", "PrincipalType": "Group"}], "ChildObjects": []},{"ObjectIdentifier": "2037A1A7-340D-4805-BE4C-0AA163B06800", "Properties": {"domain": "RED.LOCAL", "name": "MICROSOFT@RED.LOCAL", "distinguishedname": "CN=MICROSOFT,CN=PROGRAM DATA,DC=RED,DC=LOCAL", "domainsid": "S-1-5-21-2591914073-3432292050-2173066086", "highvalue": false, "description": "Default location for storage of Microsoft application data.", "whencreated": 1709014690}, "IsDeleted": false, "IsACLProtected": false, "Aces": [{"RightName": "Owns", "IsInherited": false, "PrincipalSID": "S-1-5-21-2591914073-3432292050-2173066086-512", "PrincipalType": "Group"}, {"RightName": "GenericAll", "IsInherited": false, "PrincipalSID": "S-1-5-21-2591914073-3432292050-2173066086-512", "PrincipalType": "Group"}, {"RightName": "GenericAll", "IsInherited": true, "PrincipalSID": "S-1-5-21-2591914073-3432292050-2173066086-519", "PrincipalType": "Group"}, {"RightName": "WriteOwner", "IsInherited": true, "PrincipalSID": "RED.LOCAL-S-1-5-32-544", "PrincipalType": "Group"}, {"RightName": "WriteDacl", "IsInherited": true, "PrincipalSID": "RED.LOCAL-S-1-5-32-544", "PrincipalType": "Group"}], "ChildObjects": []},{"ObjectIdentifier": "72D17CD9-5CA5-44F8-A3E0-B3D8498D2536", "Properties": {"domain": "RED.LOCAL", "name": "PROGRAM DATA@RED.LOCAL", "distinguishedname": "CN=PROGRAM DATA,DC=RED,DC=LOCAL", "domainsid": "S-1-5-21-2591914073-3432292050-2173066086", "highvalue": false, "description": "Default location for storage of application data.", "whencreated": 1709014690}, "IsDeleted": false, "IsACLProtected": false, "Aces": [{"RightName": "Owns", "IsInherited": false, "PrincipalSID": "S-1-5-21-2591914073-3432292050-2173066086-512", "PrincipalType": "Group"}, {"RightName": "GenericAll", "IsInherited": false, "PrincipalSID": "S-1-5-21-2591914073-3432292050-2173066086-512", "PrincipalType": "Group"}, {"RightName": "GenericAll", "IsInherited": true, "PrincipalSID": "S-1-5-21-2591914073-3432292050-2173066086-519", "PrincipalType": "Group"}, {"RightName": "WriteOwner", "IsInherited": true, "PrincipalSID": "RED.LOCAL-S-1-5-32-544", "PrincipalType": "Group"}, {"RightName": "WriteDacl", "IsInherited": true, "PrincipalSID": "RED.LOCAL-S-1-5-32-544", "PrincipalType": "Group"}], "ChildObjects": []},{"ObjectIdentifier": "D53F304D-73C5-438E-9C89-372B8C9D1E57", "Properties": {"domain": "RED.LOCAL", "name": "FOREIGNSECURITYPRINCIPALS@RED.LOCAL", "distinguishedname": "CN=FOREIGNSECURITYPRINCIPALS,DC=RED,DC=LOCAL", "domainsid": "S-1-5-21-2591914073-3432292050-2173066086", "highvalue": false, "description": "Default container for security identifiers (SIDs) associated with objects from external, trusted domains", "whencreated": 1709014690}, "IsDeleted": false, "IsACLProtected": false, "Aces": [{"RightName": "Owns", "IsInherited": false, "PrincipalSID": "S-1-5-21-2591914073-3432292050-2173066086-512", "PrincipalType": "Group"}, {"RightName": "GenericAll", "IsInherited": false, "PrincipalSID": "S-1-5-21-2591914073-3432292050-2173066086-512", "PrincipalType": "Group"}, {"RightName": "GenericAll", "IsInherited": true, "PrincipalSID": "S-1-5-21-2591914073-3432292050-2173066086-519", "PrincipalType": "Group"}, {"RightName": "WriteOwner", "IsInherited": true, "PrincipalSID": "RED.LOCAL-S-1-5-32-544", "PrincipalType": "Group"}, {"RightName": "WriteDacl", "IsInherited": true, "PrincipalSID": "RED.LOCAL-S-1-5-32-544", "PrincipalType": "Group"}], "ChildObjects": []},{"ObjectIdentifier": "2BB65210-2D7F-44D0-AD8A-844E6BEF6456", "Properties": {"domain": "RED.LOCAL", "name": "SYSTEM@RED.LOCAL", "distinguishedname": "CN=SYSTEM,DC=RED,DC=LOCAL", "domainsid": "S-1-5-21-2591914073-3432292050-2173066086", "highvalue": false, "description": "Builtin system settings", "whencreated": 1709014690}, "IsDeleted": false, "IsACLProtected": false, "Aces": [{"RightName": "Owns", "IsInherited": false, "PrincipalSID": "S-1-5-21-2591914073-3432292050-2173066086-512", "PrincipalType": "Group"}, {"RightName": "WriteOwner", "IsInherited": false, "PrincipalSID": "S-1-5-21-2591914073-3432292050-2173066086-512", "PrincipalType": "Group"}, {"RightName": "WriteDacl", "IsInherited": false, "PrincipalSID": "S-1-5-21-2591914073-3432292050-2173066086-512", "PrincipalType": "Group"}, {"RightName": "GenericAll", "IsInherited": true, "PrincipalSID": "S-1-5-21-2591914073-3432292050-2173066086-519", "PrincipalType": "Group"}, {"RightName": "WriteOwner", "IsInherited": true, "PrincipalSID": "RED.LOCAL-S-1-5-32-544", "PrincipalType": "Group"}, {"RightName": "WriteDacl", "IsInherited": true, "PrincipalSID": "RED.LOCAL-S-1-5-32-544", "PrincipalType": "Group"}], "ChildObjects": []},{"ObjectIdentifier": "8B2725DF-BA6C-4AEF-8D0D-37AEB0EBD96E", "Properties": {"domain": "RED.LOCAL", "name": "COMPUTERS@RED.LOCAL", "distinguishedname": "CN=COMPUTERS,DC=RED,DC=LOCAL", "domainsid": "S-1-5-21-2591914073-3432292050-2173066086", "highvalue": false, "description": "Default container for upgraded computer accounts", "whencreated": 1709014690}, "IsDeleted": false, "IsACLProtected": false, "Aces": [{"RightName": "Owns", "IsInherited": false, "PrincipalSID": "S-1-5-21-2591914073-3432292050-2173066086-512", "PrincipalType": "Group"}, {"RightName": "WriteOwner", "IsInherited": false, "PrincipalSID": "S-1-5-21-2591914073-3432292050-2173066086-512", "PrincipalType": "Group"}, {"RightName": "WriteDacl", "IsInherited": false, "PrincipalSID": "S-1-5-21-2591914073-3432292050-2173066086-512", "PrincipalType": "Group"}, {"RightName": "GenericAll", "IsInherited": true, "PrincipalSID": "S-1-5-21-2591914073-3432292050-2173066086-519", "PrincipalType": "Group"}, {"RightName": "WriteOwner", "IsInherited": true, "PrincipalSID": "RED.LOCAL-S-1-5-32-544", "PrincipalType": "Group"}, {"RightName": "WriteDacl", "IsInherited": true, "PrincipalSID": "RED.LOCAL-S-1-5-32-544", "PrincipalType": "Group"}], "ChildObjects": [{"ObjectIdentifier": "S-1-5-21-2591914073-3432292050-2173066086-1111", "ObjectType": "Computer"}, {"ObjectIdentifier": "S-1-5-21-2591914073-3432292050-2173066086-1112", "ObjectType": "Computer"}]},{"ObjectIdentifier": "200FC29D-C7FB-417B-9663-F51B293ACA02", "Properties": {"domain": "RED.LOCAL", "name": "USERS@RED.LOCAL", "distinguishedname": "CN=USERS,DC=RED,DC=LOCAL", "domainsid": "S-1-5-21-2591914073-3432292050-2173066086", "highvalue": false, "description": "Default container for upgraded user accounts", "whencreated": 1709014690}, "IsDeleted": false, "IsACLProtected": false, "Aces": [{"RightName": "Owns", "IsInherited": false, "PrincipalSID": "S-1-5-21-2591914073-3432292050-2173066086-512", "PrincipalType": "Group"}, {"RightName": "WriteOwner", "IsInherited": false, "PrincipalSID": "S-1-5-21-2591914073-3432292050-2173066086-512", "PrincipalType": "Group"}, {"RightName": "WriteDacl", "IsInherited": false, "PrincipalSID": "S-1-5-21-2591914073-3432292050-2173066086-512", "PrincipalType": "Group"}, {"RightName": "GenericAll", "IsInherited": true, "PrincipalSID": "S-1-5-21-2591914073-3432292050-2173066086-519", "PrincipalType": "Group"}, {"RightName": "WriteOwner", "IsInherited": true, "PrincipalSID": "RED.LOCAL-S-1-5-32-544", "PrincipalType": "Group"}, {"RightName": "WriteDacl", "IsInherited": true, "PrincipalSID": "RED.LOCAL-S-1-5-32-544", "PrincipalType": "Group"}], "ChildObjects": [{"ObjectIdentifier": "S-1-5-21-2591914073-3432292050-2173066086-518", "ObjectType": "Group"}, {"ObjectIdentifier": "S-1-5-21-2591914073-3432292050-2173066086-521", "ObjectType": "Group"}, {"ObjectIdentifier": "S-1-5-21-2591914073-3432292050-2173066086-1115", "ObjectType": "User"}, {"ObjectIdentifier": "S-1-5-21-2591914073-3432292050-2173066086-553", "ObjectType": "Group"}, {"ObjectIdentifier": "S-1-5-21-2591914073-3432292050-2173066086-525", "ObjectType": "Group"}, {"ObjectIdentifier": "S-1-5-21-2591914073-3432292050-2173066086-1114", "ObjectType": "User"}, {"ObjectIdentifier": "S-1-5-21-2591914073-3432292050-2173066086-1116", "ObjectType": "User"}, {"ObjectIdentifier": "S-1-5-21-2591914073-3432292050-2173066086-502", "ObjectType": "User"}, {"ObjectIdentifier": "S-1-5-21-2591914073-3432292050-2173066086-526", "ObjectType": "Group"}, {"ObjectIdentifier": "S-1-5-21-2591914073-3432292050-2173066086-1113", "ObjectType": "User"}, {"ObjectIdentifier": "S-1-5-21-2591914073-3432292050-2173066086-501", "ObjectType": "User"}, {"ObjectIdentifier": "S-1-5-21-2591914073-3432292050-2173066086-520", "ObjectType": "Group"}, {"ObjectIdentifier": "S-1-5-21-2591914073-3432292050-2173066086-498", "ObjectType": "Group"}, {"ObjectIdentifier": "S-1-5-21-2591914073-3432292050-2173066086-527", "ObjectType": "Group"}, {"ObjectIdentifier": "S-1-5-21-2591914073-3432292050-2173066086-519", "ObjectType": "Group"}, {"ObjectIdentifier": "S-1-5-21-2591914073-3432292050-2173066086-1117", "ObjectType": "User"}, {"ObjectIdentifier": "S-1-5-21-2591914073-3432292050-2173066086-513", "ObjectType": "Group"}, {"ObjectIdentifier": "S-1-5-21-2591914073-3432292050-2173066086-514", "ObjectType": "Group"}, {"ObjectIdentifier": "S-1-5-21-2591914073-3432292050-2173066086-516", "ObjectType": "Group"}, {"ObjectIdentifier": "S-1-5-21-2591914073-3432292050-2173066086-515", "ObjectType": "Group"}, {"ObjectIdentifier": "S-1-5-21-2591914073-3432292050-2173066086-512", "ObjectType": "Group"}, {"ObjectIdentifier": "S-1-5-21-2591914073-3432292050-2173066086-1110", "ObjectType": "Group"}, {"ObjectIdentifier": "S-1-5-21-2591914073-3432292050-2173066086-1109", "ObjectType": "Group"}, {"ObjectIdentifier": "S-1-5-21-2591914073-3432292050-2173066086-572", "ObjectType": "Group"}, {"ObjectIdentifier": "S-1-5-21-2591914073-3432292050-2173066086-522", "ObjectType": "Group"}, {"ObjectIdentifier": "S-1-5-21-2591914073-3432292050-2173066086-517", "ObjectType": "Group"}, {"ObjectIdentifier": "S-1-5-21-2591914073-3432292050-2173066086-571", "ObjectType": "Group"}, {"ObjectIdentifier": "S-1-5-21-2591914073-3432292050-2173066086-500", "ObjectType": "User"}]}],"meta":{"methods":0,"type":"containers","count":19, "version":5}}