{"data":[{"ObjectIdentifier": "95AD1639-5545-46AB-A6AA-8C007F4E0737", "Properties": {"domain": "RED.LOCAL", "name": "DOMAIN CONTROLLERS@RED.LOCAL", "distinguishedname": "OU=DOMAIN CONTROLLERS,DC=RED,DC=LOCAL", "domainsid": "S-1-5-21-2591914073-3432292050-2173066086", "highvalue": false, "blocksinheritance": false, "description": "Default container for domain controllers", "whencreated": 1709014690}, "IsDeleted": false, "IsACLProtected": false, "Aces": [{"RightName": "Owns", "IsInherited": false, "PrincipalSID": "S-1-5-21-2591914073-3432292050-2173066086-512", "PrincipalType": "Group"}, {"RightName": "WriteOwner", "IsInherited": false, "PrincipalSID": "S-1-5-21-2591914073-3432292050-2173066086-512", "PrincipalType": "Group"}, {"RightName": "WriteDacl", "IsInherited": false, "PrincipalSID": "S-1-5-21-2591914073-3432292050-2173066086-512", "PrincipalType": "Group"}, {"RightName": "GenericAll", "IsInherited": true, "PrincipalSID": "S-1-5-21-2591914073-3432292050-2173066086-519", "PrincipalType": "Group"}, {"RightName": "WriteOwner", "IsInherited": true, "PrincipalSID": "RED.LOCAL-S-1-5-32-544", "PrincipalType": "Group"}, {"RightName": "WriteDacl", "IsInherited": true, "PrincipalSID": "RED.LOCAL-S-1-5-32-544", "PrincipalType": "Group"}], "Links": [{"IsEnforced": false, "GUID": "6B9DC935-F1E9-4E8F-BB8E-80358A80C24B"}], "ChildObjects": [{"ObjectIdentifier": "S-1-5-21-2591914073-3432292050-2173066086-1008", "ObjectType": "Computer"}], "GPOChanges": {"AffectedComputers": [], "DcomUsers": [], "LocalAdmins": [], "PSRemoteUsers": [], "RemoteDesktopUsers": []}}],"meta":{"methods":0,"type":"ous","count":1, "version":5}}